slnoskm17mar11,permanentid,y1pccust,inf1pcma,sector,year,ld1pcla,st1pcdev,cs1pccmk,hr3pcsat,pm1pcvc,iirtotal,icat7total
1,B-179,68.11,71.67,1,1990,76.25,80,80,80,66.32,686,204
2,,28.11,23.33,1,1990,10,22.86,40,0,22.11,147,46
3,,74.59,73.33,1,1990,73.75,80,80,60,72.63,704,243
4,,18.92,15,1,1990,11.25,17.14,26,0,24.21,124,29
5,,62.7,55,1,1990,86.25,45.71,70,70,66.32,612,184
6,B-053,52.43,31.67,1,1990,21.25,68.57,66,0,40,284,86
7,B-045,17.84,23.33,1,1990,18.75,34.29,40,0,28.42,140,36
8,,60.54,60,1,1990,72.5,80,66,50,64.21,609,196
9,,44.32,35,1,1990,22.5,68.57,60,0,31.58,253,73
10,,52.43,26.67,1,1990,26.25,57.14,66,0,35.79,269,84
11,,38.92,35,1,1990,30,62.86,66,0,41.05,277,76
12,,64.86,71.67,1,1990,68.75,57.14,56,60,73.68,616,185
13,B-011,55.68,66.67,1,1990,67.5,91.43,70,80,71.58,660,208
14,,45.41,46.67,1,1990,21.25,74.29,40,0,42.11,279,60
15,,25.95,23.33,1,1990,22.5,57.14,20,0,24.21,171,38
16,B-123,53.51,20,1,1990,17.5,51.43,60,0,32.63,263,75
17,B-080,51.35,41.67,1,1990,26.25,68.57,70,0,33.68,286,83
18,B-018,65.41,65,1,1990,76.25,68.57,70,70,69.47,664,199
19,,41.62,43.33,1,1990,22.5,68.57,50,0,41.05,267,63
20,,27.03,26.67,1,1990,15,57.14,36,0,16.84,170,46
21,,55.14,43.33,1,1990,28.75,80,70,0,36.84,322,93
22,,27.03,30,1,1990,15,45.71,56,0,32.63,190,56
23,,47.03,30,1,1990,18.75,57.14,56,0,31.58,260,76
24,B-101,31.35,35,1,1990,22.5,51.43,46,0,30.53,213,59
25,B-178,25.95,23.33,1,1990,15,40,36,0,29.47,163,46
26,,77.3,91.67,1,1990,86.25,102.86,90,90,80,811,227
27,,45.95,35,1,1990,21.25,51.43,76,0,36.84,252,91
28,B-061,25.95,18.33,1,1990,7.5,22.86,30,0,16.84,127,41
29,,23.24,26.67,1,1990,26.25,62.86,70,0,37.89,235,53
30,B-160,18.92,23.33,1,1990,21.25,40,50,0,33.68,185,43
31,,66.49,60,1,1990,66.25,80,70,60,62.11,641,193
32,,76.76,88.33,1,1990,76.25,102.86,90,70,81.05,792,247
33,B-005,17.84,30,1,1990,17.5,28.57,30,0,24.21,152,38
34,,73.51,73.33,1,1990,76.25,80,70,70,74.74,711,227
35,B-200,62.16,71.67,1,1990,67.5,80,70,70,71.58,635,195
36,B-166,53.51,80,1,1990,73.75,68.57,66,80,56.84,645,206
37,,55.14,23.33,1,1990,18.75,80,40,0,34.74,257,78
38,B-163,70.27,73.33,1,1990,77.5,68.57,80,30,66.32,659,228
39,,78.92,75,1,1990,72.5,91.43,80,50,58.95,686,214
40,B-159,54.59,31.67,1,1990,25,68.57,56,0,32.63,273,91
41,,30.27,35,1,1990,18.75,51.43,36,0,25.26,201,49
42,,7.57,30,1,1990,21.25,40,20,0,14.74,127,15
43,,58.92,38.33,1,1990,28.75,80,60,0,35.79,311,88
44,,62.16,41.67,1,1990,25,80,70,0,38.95,325,108
45,B-052,1.62,6.67,1,1990,15,11.43,10,0,12.63,58,8
46,,40,26.67,2,1990,11.25,40,40,0,21.05,189,60
47,B-038,12.97,11.67,2,1990,7.5,22.86,20,0,26.32,88,15
48,,35.14,23.33,2,1990,18.75,51.43,46,0,29.47,213,61
49,,33.51,23.33,2,1990,15,34.29,50,0,32.63,195,60
50,,73.51,71.67,2,1990,72.5,68.57,80,80,55.79,664,228
51,B-085,52.97,58.33,2,1990,72.5,68.57,70,40,62.11,566,166
52,B-138,58.38,30,2,1990,26.25,68.57,70,0,37.89,300,90
53,,71.89,75,2,1990,78.75,74.29,76,80,73.68,706,240
54,,61.62,23.33,2,1990,18.75,34.29,50,0,31.58,245,83
55,,65.41,60,2,1990,60,68.57,70,70,56.84,608,209
56,,54.59,71.67,2,1990,70,80,70,60,76.84,605,169
57,,44.32,23.33,2,1990,15,34.29,40,0,27.37,198,71
58,B-113,7.57,18.33,2,1990,3.75,22.86,30,0,14.74,81,25
59,B-094,62.7,75,2,1990,76.25,68.57,70,70,66.32,661,205
60,,45.95,38.33,2,1990,18.75,62.86,50,0,27.37,246,63
61,B-031,23.24,20,2,1990,11.25,28.57,56,0,23.16,157,59
62,B-023,51.35,23.33,2,1990,17.5,34.29,66,0,25.26,235,81
63,,10.27,18.33,2,1990,17.5,51.43,40,0,27.37,145,30
64,B-144,36.76,43.33,3,1990,28.75,62.86,56,0,38.95,249,71
65,,23.24,20,3,1990,15,28.57,30,0,17.89,140,33
66,,18.92,11.67,3,1990,13.75,28.57,46,0,18.95,147,46
67,,18.38,23.33,3,1990,15,34.29,30,0,21.05,131,30
68,,27.57,30,3,1990,30,57.14,30,0,31.58,205,40
69,,37.84,30,3,1990,15,45.71,56,0,35.79,214,59
70,,34.05,43.33,3,1990,26.25,62.86,56,0,33.68,239,61
71,,54.05,30,3,1990,22.5,57.14,56,0,30.53,271,79
72,,55.68,66.67,3,1990,81.25,68.57,60,50,70.53,619,215
73,,38.38,30,3,1990,18.75,45.71,40,0,41.05,225,55
74,,40.54,30,3,1990,25,40,46,0,28.42,230,74
75,,0,6.67,3,1990,15,17.14,26,0,7.37,56,13
76,B-092,36.22,23.33,3,1990,21.25,45.71,46,0,32.63,205,59
77,,48.11,60,3,1990,70,57.14,50,45,58.95,557,173
78,,42.7,23.33,3,1990,22.5,51.43,66,0,33.68,235,83
79,B-014,30.81,20,3,1990,13.75,45.71,36,0,30.53,191,48
80,,46.49,46.67,3,1990,28.75,80,40,0,42.11,257,63
81,,63.24,70,3,1990,86.25,91.43,76,75,57.89,716,212
82,B-157,31.35,18.33,3,1990,11.25,34.29,30,0,22.11,155,53
83,,45.95,20,3,1990,15,34.29,56,0,35.79,241,73
84,B-184,61.08,51.67,3,1990,67.5,68.57,70,40,51.58,550,187
85,,9.73,20,3,1990,10,34.29,26,0,20,106,21
86,,7.57,18.33,3,1990,13.75,28.57,26,0,11.58,86,18
87,B-169,34.59,15,3,1990,21.25,28.57,30,0,10.53,145,55
88,B-071,56.22,66.67,3,1990,65,68.57,60,70,60,619,211
89,,45.41,35,3,1990,28.75,80,56,0,36.84,269,73
90,B-155,42.16,20,3,1990,18.75,45.71,46,0,23.16,197,84
91,,17.3,23.33,3,1990,17.5,28.57,30,0,17.89,144,33
92,,26.49,30,3,1990,25,57.14,60,0,29.47,196,60
93,B-051,38.38,30,3,1990,26.25,68.57,36,0,35.79,233,58
94,B-030,41.62,35,3,1990,22.5,45.71,56,0,23.16,238,76
95,,28.65,30,3,1990,26.25,45.71,30,0,16.84,186,53
96,,61.08,30,3,1990,22.5,57.14,40,0,40,289,90
97,,48.26,52.86,1,1991,56.25,60,56.67,44,62.22,509,152
98,,43.04,42.86,1,1991,50,51.43,46.67,40,47.78,410,134
99,,33.91,52.86,1,1991,60,60,56.67,60,60,464,115
100,,73.91,72.86,1,1991,73.75,74.29,76.67,76,73.33,734,225
101,B-052,30.87,24.29,1,1991,20,25.71,40,52,35.56,280,103
102,B-020,53.91,60,1,1991,71.25,80,70,60,73.33,633,180
103,B-178,32.17,42.86,1,1991,55,34.29,36.67,40,42.22,376,105
104,,57.83,42.86,1,1991,47.5,54.29,66.67,32,76.67,530,184
105,B-179,67.83,74.29,1,1991,75,71.43,70,72,70,693,191
106,,70.87,72.86,1,1991,71.25,80,80,72,73.33,706,200
107,B-080,71.3,68.57,1,1991,76.25,71.43,70,72,72.22,696,221
108,B-089,75.65,47.14,1,1991,71.25,60,70,80,73.33,681,199
109,B-073,52.17,57.14,1,1991,61.25,60,66.67,40,57.78,552,177
110,B-011,60,51.43,1,1991,72.5,60,70,72,70,626,195
111,,30.87,21.43,1,1991,32.5,11.43,40,20,36.67,289,94
112,,23.91,18.57,1,1991,16.25,0,20,20,15.56,160,78
113,B-166,46.96,45.71,1,1991,52.5,45.71,46.67,52,53.33,474,144
114,B-005,60.43,68.57,1,1991,70,54.29,60,52,63.33,603,189
115,B-160,18.7,20,1,1991,36.25,20,56.67,36,36.67,272,86
116,B-123,40.87,41.43,1,1991,40,40,40,20,55.56,389,108
117,B-142,47.83,48.57,1,1991,50,40,60,36,48.89,446,167
118,B-200,75.65,65.71,1,1991,76.25,71.43,80,60,66.67,686,217
119,,73.04,71.43,1,1991,71.25,74.29,70,72,75.56,681,209
120,,49.13,45.71,1,1991,45,51.43,56.67,56,51.11,494,179
121,B-176,49.57,52.86,1,1991,42.5,34.29,66.67,40,46.67,483,155
122,B-022,36.96,20,1,1991,36.25,20,36.67,24,45.56,311,132
123,B-018,53.91,61.43,1,1991,66.25,60,66.67,52,57.78,596,179
124,,51.74,58.57,1,1991,48.75,74.29,70,36,63.33,541,166
125,B-066,33.91,44.29,1,1991,43.75,34.29,16.67,44,46.67,355,86
126,,56.09,58.57,1,1991,66.25,60,66.67,52,65.56,587,194
127,B-112,50.43,50,1,1991,46.25,51.43,60,52,51.11,476,159
128,B-159,36.96,51.43,1,1991,66.25,51.43,56.67,32,60,452,126
129,,46.09,42.86,1,1991,53.75,51.43,56.67,52,52.22,485,127
130,B-061,39.57,20,1,1991,38.75,31.43,30,40,42.22,339,101
131,B-161,31.3,30,1,1991,38.75,34.29,50,44,50,345,113
132,,43.48,14.29,1,1991,17.5,20,30,12,23.33,248,131
133,B-163,63.04,72.86,1,1991,73.75,71.43,80,52,62.22,613,197
134,B-148,66.96,57.14,2,1991,73.75,51.43,70,60,55.56,620,202
135,B-041,58.7,57.14,2,1991,58.75,51.43,60,64,58.89,577,179
136,,76.96,67.14,2,1991,77.5,80,86.67,64,75.56,723,242
137,,23.48,12.86,2,1991,40,25.71,26.67,32,46.67,244,80
138,,76.96,67.14,2,1991,65,60,70,60,60,654,212
139,B-031,21.3,34.29,2,1991,46.25,31.43,36.67,24,43.33,330,87
140,,70,62.86,2,1991,76.25,60,60,60,46.67,620,198
141,,33.91,18.57,2,1991,43.75,25.71,70,24,30,331,130
142,,56.09,44.29,2,1991,58.75,60,66.67,40,55.56,544,183
143,B-102,17.83,30,2,1991,36.25,40,36.67,24,31.11,278,97
144,,23.48,17.14,2,1991,31.25,25.71,30,20,30,259,101
145,,26.09,40,2,1991,28.75,5.71,30,36,32.22,248,75
146,,55.65,47.14,2,1991,55,40,66.67,36,65.56,532,183
147,,47.39,38.57,2,1991,42.5,40,56.67,52,40,455,159
148,B-023,58.7,54.29,2,1991,67.5,71.43,66.67,52,61.11,599,187
149,,24.35,21.43,2,1991,25,20,36.67,20,40,244,61
150,B-038,15.65,28.57,2,1991,31.25,25.71,40,12,38.89,221,63
151,,53.91,57.14,2,1991,61.25,54.29,60,40,57.78,530,178
152,B-138,59.13,48.57,2,1991,70,40,80,52,66.67,584,212
153,B-094,63.04,47.14,2,1991,72.5,51.43,70,60,57.78,585,195
154,B-085,46.52,45.71,2,1991,51.25,45.71,50,36,55.56,467,151
155,,13.48,30,3,1991,43.75,34.29,30,44,44.44,252,40
156,,18.26,27.14,3,1991,42.5,25.71,20,16,38.89,266,68
157,,73.04,61.43,3,1991,67.5,71.43,76.67,52,53.33,653,225
158,B-054,43.91,37.14,3,1991,40,34.29,46.67,40,45.56,426,131
159,B-064,30.87,41.43,3,1991,50,51.43,46.67,32,56.67,399,96
160,B-157,39.13,32.86,3,1991,45,25.71,60,36,40,350,137
161,,10.43,14.29,3,1991,35,11.43,20,36,12.22,178,59
162,B-103,42.17,34.29,3,1991,65,45.71,30,40,51.11,444,163
163,B-071,47.83,42.86,3,1991,43.75,34.29,56.67,56,56.67,477,166
164,,38.26,35.71,3,1991,51.25,40,40,64,43.33,413,132
165,B-155,31.74,27.14,3,1991,33.75,25.71,30,24,41.11,316,115
166,B-056,38.26,27.14,3,1991,58.75,31.43,36.67,40,35.56,382,116
167,,56.09,47.14,3,1991,63.75,54.29,50,56,60,532,177
168,,5.22,5.71,3,1991,20,11.43,6.67,24,14.44,107,26
169,,28.26,10,3,1991,31.25,20,30,20,18.89,203,89
170,B-121,33.48,40,3,1991,55,54.29,60,36,25.56,357,117
171,,30.87,30,3,1991,52.5,45.71,36.67,20,36.67,382,131
172,B-092,34.35,28.57,3,1991,42.5,40,30,20,54.44,337,99
173,,26.52,30,3,1991,27.5,31.43,40,32,41.11,296,73
174,B-184,50,57.14,3,1991,60,40,40,44,54.44,507,147
175,,1.74,2.86,3,1991,12.5,11.43,26.67,12,7.78,83,29
176,,30.87,27.14,3,1991,42.5,31.43,60,52,61.11,387,143
177,,16.09,35.71,3,1991,45,40,40,40,34.44,323,97
178,,13.04,17.14,3,1991,40,25.71,40,36,33.33,210,69
179,,1.74,17.14,3,1991,41.25,20,26.67,24,20,158,40
180,,24.78,12.86,3,1991,36.25,20,40,40,25.56,277,81
181,B-117,18.26,32.86,3,1991,38.75,14.29,46.67,20,34.44,268,85
182,B-014,46.52,37.14,3,1991,43.75,51.43,46.67,40,60,437,121
183,,21.74,11.43,3,1991,35,14.29,30,0,28.89,196,46
184,B-051,46.96,44.29,3,1991,68.75,34.29,36.67,40,50,425,120
185,,43.91,42.86,3,1991,80,45.71,50,60,43.33,509,176
186,,20.87,15.71,3,1991,26.25,25.71,16.67,16,35.56,237,96
187,,25.65,30,3,1991,30,11.43,26.67,36,24.44,260,78
188,B-167,20,40,3,1991,57.5,31.43,60,52,50,364,112
189,B-139,16.96,21.43,3,1991,45,31.43,26.67,32,33.33,252,60
190,,6.96,17.14,3,1991,36.25,20,50,12,47.78,209,63
191,,6.96,11.43,3,1991,21.25,5.71,10,36,18.89,140,37
192,,36.96,28.57,3,1991,51.25,20,46.67,40,40,339,114
193,,13.04,4.29,3,1991,11.25,11.43,30,16,14.44,134,66
194,B-120,40.87,34.29,3,1991,46.25,45.71,36.67,44,58.89,422,123
195,,28.26,27.14,3,1991,33.75,20,56.67,36,43.33,313,104
196,B-198,29.13,34.29,3,1991,40,31.43,40,0,27.78,304,123
197,,5.65,12.86,3,1991,18.75,11.43,10,24,21.11,136,32
198,,2.17,24.29,3,1991,18.75,0,16.67,20,25.56,119,25
199,B-025,50,55.71,3,1991,57.5,40,56.67,40,46.67,454,143
200,,23.48,31.43,3,1991,48.75,31.43,30,32,40,326,96
201,B-030,49.13,54.29,3,1991,65,40,50,40,44.44,493,167
202,B-192,14.78,15.71,3,1991,20,20,30,12,23.33,164,43
203,B-020,58.67,72.5,1,1992,80,71.43,65.71,52,67.78,658,193
204,B-179,75.11,71.25,1,1992,80,74.29,74.29,64,73.33,720,224
205,B-017,64,66.25,1,1992,71.43,71.43,71.43,52,71.11,671,207
206,,63.56,60,1,1992,71.43,71.43,60,52,60,590,182
207,,48.44,56.25,1,1992,60,65.71,60,52,67.78,530,174
208,,10.22,27.5,1,1992,14.29,34.29,14.29,20,31.11,207,45
209,B-089,66.67,65,1,1992,74.29,71.43,54.29,72,66.67,657,185
210,,38.22,43.75,1,1992,54.29,54.29,45.71,40,58.89,461,117
211,,56.44,58.75,1,1992,64.29,71.43,71.43,44,62.22,592,183
212,,43.56,28.75,1,1992,40,31.43,60,40,41.11,365,141
213,B-191,38.22,32.5,1,1992,57.14,65.71,54.29,44,61.11,466,136
214,B-045,33.78,37.5,1,1992,68.57,31.43,40,40,58.89,437,112
215,B-176,53.78,45,1,1992,51.43,60,51.43,44,51.11,506,167
216,,18.22,27.5,1,1992,21.43,20,25.71,40,51.11,249,67
217,,47.11,66.25,1,1992,68.57,54.29,51.43,52,63.33,559,169
218,,50.22,73.75,1,1992,60,80,60,52,68.89,585,165
219,B-112,45.33,55,1,1992,57.14,65.71,71.43,52,58.89,507,164
220,,48.89,55,1,1992,60,54.29,60,40,77.78,537,171
221,,20,26.25,1,1992,34.29,31.43,14.29,36,41.11,290,66
222,,48.44,46.25,1,1992,57.14,51.43,45.71,40,63.33,493,140
223,,70.22,56.25,1,1992,68.57,60,60,44,82.22,633,200
224,,57.33,47.5,1,1992,67.14,60,60,52,61.11,567,184
225,B-005,58.67,66.25,1,1992,74.29,71.43,60,60,60,609,197
226,B-142,60,48.75,1,1992,61.43,45.71,45.71,44,57.78,483,161
227,B-158,32,37.5,1,1992,62.86,45.71,34.29,36,56.67,390,109
228,,35.11,32.5,1,1992,37.14,40,40,40,41.11,365,111
229,,26.67,32.5,1,1992,41.43,40,0,24,45.56,335,70
230,B-161,28.44,43.75,1,1992,54.29,40,40,40,63.33,421,105
231,B-064,56.89,61.25,1,1992,60,60,51.43,60,68.89,600,183
232,B-159,55.11,58.75,1,1992,75.71,45.71,51.43,60,56.67,546,163
233,B-066,50.22,55,1,1992,65.71,60,54.29,52,56.67,521,161
234,B-043,55.11,66.25,2,1992,60,60,51.43,44,56.67,529,165
235,,41.78,48.75,2,1992,60,60,51.43,44,57.78,488,129
236,B-031,38.67,38.75,2,1992,68.57,51.43,40,52,51.11,454,144
237,B-113,16.89,32.5,2,1992,31.43,25.71,14.29,32,31.11,248,76
238,,53.33,48.75,2,1992,55.71,51.43,40,44,43.33,509,162
239,B-148,76.89,58.75,2,1992,62.86,51.43,60,52,55.56,618,224
240,B-041,67.11,62.5,2,1992,71.43,51.43,51.43,60,55.56,620,189
241,,23.56,25,2,1992,41.43,25.71,20,36,24.44,270,72
242,,68.44,63.75,2,1992,81.43,74.29,60,60,71.11,680,203
243,,53.33,57.5,2,1992,64.29,60,51.43,60,56.67,550,166
244,,53.78,71.25,2,1992,67.14,71.43,71.43,52,63.33,616,190
245,,63.56,66.25,2,1992,80,60,51.43,40,43.33,571,182
246,B-009,44.89,52.5,2,1992,58.57,51.43,51.43,52,52.22,511,143
247,B-085,61.78,61.25,2,1992,65.71,45.71,60,52,60,599,201
248,B-023,67.11,72.5,2,1992,77.14,80,51.43,52,58.89,658,193
249,,1.78,16.25,3,1992,34.29,20,11.43,12,20,153,42
250,B-010,63.11,73.75,3,1992,74.29,80,54.29,56,73.33,693,199
251,,15.11,11.25,3,1992,14.29,14.29,14.29,16,15.56,157,57
252,,3.56,10,3,1992,28.57,0,0,24,30,114,27
253,,11.56,16.25,3,1992,22.86,20,11.43,16,25.56,188,50
254,B-184,55.11,62.5,3,1992,67.14,60,60,60,61.11,588,188
255,,28.89,35,3,1992,52.86,45.71,31.43,36,53.33,377,99
256,B-054,63.56,52.5,3,1992,67.14,51.43,60,72,52.22,613,208
257,B-151,21.78,23.75,3,1992,40,25.71,20,44,35.56,279,79
258,,0,17.5,3,1992,18.57,20,31.43,20,26.67,133,37
259,B-046,21.78,31.25,3,1992,40,31.43,25.71,32,53.33,322,88
260,,28.89,53.75,3,1992,62.86,71.43,51.43,40,55.56,459,125
261,B-157,45.33,46.25,3,1992,60,34.29,51.43,44,55.56,478,142
262,B-102,30.22,42.5,3,1992,57.14,60,40,40,35.56,389,127
263,,12,11.25,3,1992,27.14,40,25.71,32,23.33,206,73
264,B-071,70.22,63.75,3,1992,68.57,54.29,65.71,72,56.67,626,211
265,,23.56,28.75,3,1992,42.86,20,40,52,54.44,343,107
266,B-198,13.33,31.25,3,1992,58.57,40,40,20,23.33,279,96
267,,25.33,43.75,3,1992,27.14,34.29,45.71,36,44.44,331,89
268,,8.44,30,3,1992,41.43,45.71,31.43,32,40,292,61
269,B-103,56.44,40,3,1992,62.86,40,31.43,44,53.33,501,166
270,,8.89,15,3,1992,34.29,20,11.43,24,12.22,162,49
271,,53.33,61.25,3,1992,72.86,40,31.43,40,50,534,162
272,,20.44,15,3,1992,31.43,11.43,20,20,21.11,169,61
273,,28.44,25,3,1992,40,34.29,20,24,35.56,288,100
274,,33.78,42.5,3,1992,41.43,40,31.43,44,50,345,99
275,B-169,3.56,5,3,1992,24.29,20,11.43,20,13.33,130,28
276,,43.56,38.75,3,1992,42.86,40,40,20,32.22,408,151
277,,25.33,28.75,3,1992,35.71,45.71,31.43,32,31.11,287,89
278,B-122,55.56,62.5,3,1992,74.29,74.29,60,64,57.78,614,198
279,B-069,56.89,41.25,3,1992,64.29,71.43,51.43,40,55.56,521,191
280,,15.11,30,3,1992,38.57,31.43,31.43,24,42.22,249,66
281,B-139,12,35,3,1992,61.43,31.43,31.43,40,47.78,321,77
282,,8.44,23.75,3,1992,65.71,20,11.43,44,25.56,233,30
283,B-030,44.89,48.75,3,1992,57.14,45.71,40,44,50,443,147
284,B-192,38.67,58.75,3,1992,70,74.29,51.43,52,63.33,528,137
285,,32,41.25,3,1992,42.86,51.43,40,40,56.67,394,114
286,B-131,16.44,28.75,3,1992,40,20,40,40,46.67,303,92
287,,15.11,32.5,3,1992,48.57,51.43,25.71,40,54.44,323,63
288,B-167,47.11,55,3,1992,77.14,51.43,45.71,60,54.44,539,163
289,B-117,28,45,3,1992,37.14,40,45.71,24,33.33,325,126
290,,3.56,10,3,1992,17.14,11.43,14.29,16,17.78,96,11
291,B-025,43.56,60,3,1992,77.14,60,40,52,51.11,525,142
292,,16.89,21.25,3,1992,50,25.71,31.43,40,46.67,262,77
293,,41.62,34.67,1,1993,57.14,60,60,32,55.56,416,144
294,,37.3,57.33,1,1993,60,71.43,60,52,56.67,484,135
295,B-161,25.41,30.67,1,1993,51.43,51.43,40,40,54.44,364,86
296,,50.81,50.67,1,1993,60,51.43,60,40,68.89,525,155
297,,57.84,72,1,1993,71.43,71.43,71.43,52,76.67,627,173
298,B-017,61.62,62.67,1,1993,71.43,71.43,71.43,52,68.89,646,200
299,B-073,60.54,68,1,1993,64.29,80,71.43,60,75.56,630,215
300,,76.22,70.67,1,1993,77.14,80,71.43,72,78.89,726,229
301,,44.86,73.33,1,1993,71.43,71.43,71.43,40,72.22,555,163
302,,24.86,40,1,1993,57.14,51.43,51.43,20,65.56,366,84
303,,50.27,50.67,1,1993,44.29,31.43,71.43,40,68.89,481,159
304,,54.05,45.33,1,1993,72.86,60,71.43,40,47.78,528,193
305,,50.27,48,1,1993,67.14,60,51.43,52,68.89,545,155
306,,23.78,32,1,1993,44.29,31.43,51.43,52,48.89,353,98
307,,37.3,52,1,1993,67.14,71.43,60,40,62.22,511,157
308,,54.05,46.67,1,1993,68.57,80,51.43,60,68.89,588,169
309,,50.81,62.67,1,1993,71.43,71.43,71.43,40,72.22,585,167
310,,70.27,66.67,1,1993,77.14,80,71.43,40,74.44,693,225
311,B-177,56.22,41.33,1,1993,60,60,60,52,68.89,514,172
312,,48.11,46.67,1,1993,77.14,60,71.43,52,51.11,504,163
313,,67.03,69.33,1,1993,78.57,80,71.43,44,78.89,682,203
314,,1.62,14.67,1,1993,20,0,11.43,12,27.78,82,7
315,B-028,57.3,61.33,1,1993,80,71.43,60,52,74.44,618,189
316,B-101,60,57.33,1,1993,67.14,51.43,60,60,67.78,571,172
317,B-072,35.68,46.67,1,1993,67.14,51.43,51.43,40,68.89,448,111
318,B-142,54.59,46.67,1,1993,51.43,51.43,60,32,60,440,148
319,B-048,41.62,28,1,1993,67.14,40,51.43,32,52.22,442,122
320,B-064,39.46,54.67,1,1993,64.29,51.43,60,40,64.44,497,132
321,B-093,47.03,60,1,1993,77.14,60,65.71,60,73.33,592,164
322,,30.81,14.67,1,1993,28.57,11.43,20,0,53.33,233,84
323,B-120,56.22,50.67,1,1993,57.14,51.43,51.43,44,71.11,548,171
324,,21.08,20,1,1993,31.43,31.43,40,40,33.33,246,55
325,,55.14,54.67,2,1993,67.14,60,80,52,67.78,614,221
326,B-031,50.81,50.67,2,1993,87.14,60,65.71,64,60,565,181
327,,61.62,53.33,2,1993,61.43,51.43,60,60,62.22,588,186
328,B-024,18.92,33.33,2,1993,60,40,51.43,40,44.44,361,107
329,,55.14,65.33,2,1993,51.43,31.43,60,32,47.78,510,199
330,B-019,68.11,65.33,2,1993,77.14,71.43,80,52,78.89,660,214
331,,62.16,62.67,2,1993,67.14,71.43,60,52,68.89,602,177
332,,41.62,44,2,1993,47.14,51.43,51.43,32,55.56,393,112
333,,61.62,60,2,1993,77.14,60,71.43,40,66.67,632,202
334,,32.97,34.67,2,1993,57.14,60,31.43,32,48.89,342,67
335,,60,60,2,1993,60,71.43,71.43,40,63.33,577,184
336,B-044,60,57.33,2,1993,67.14,71.43,60,60,66.67,603,193
337,,49.19,48,2,1993,57.14,60,60,40,54.44,482,129
338,,37.3,34.67,3,1993,38.57,51.43,60,32,48.89,385,109
339,B-010,68.65,52,3,1993,80,60,60,72,60,667,205
340,B-054,73.51,53.33,3,1993,77.14,60,71.43,60,55.56,667,225
341,,50.27,69.33,3,1993,75.71,71.43,74.29,80,63.33,622,193
342,B-144,45.41,54.67,3,1993,55.71,71.43,60,36,56.67,500,174
343,B-131,10.27,25.33,3,1993,44.29,31.43,31.43,20,41.11,275,79
344,,53.51,52,3,1993,71.43,60,71.43,40,62.22,565,180
345,,1.62,17.33,3,1993,20,20,11.43,20,13.33,115,30
346,,58.38,48,3,1993,68.57,51.43,51.43,52,68.89,510,177
347,,18.92,34.67,3,1993,52.86,51.43,40,32,40,327,85
348,,20,22.67,3,1993,34.29,31.43,31.43,32,47.78,287,83
349,,3.24,14.67,3,1993,27.14,20,20,12,7.78,100,20
350,,11.89,12,3,1993,17.14,20,20,20,24.44,160,54
351,,43.24,30.67,3,1993,71.43,51.43,51.43,40,53.33,450,118
352,,40,37.33,3,1993,51.43,31.43,31.43,32,48.89,378,118
353,,19.46,22.67,3,1993,27.14,31.43,40,20,34.44,256,73
354,,11.89,21.33,3,1993,31.43,31.43,31.43,20,27.78,208,62
355,B-046,36.22,26.67,3,1993,54.29,31.43,31.43,32,47.78,366,120
356,,9.73,25.33,3,1993,44.29,20,31.43,40,34.44,249,77
357,B-194,40,50.67,3,1993,61.43,51.43,45.71,52,51.11,475,135
358,,28.11,14.67,3,1993,52.86,31.43,31.43,20,36.67,288,97
359,B-047,67.57,49.33,3,1993,74.29,60,71.43,56,38.89,549,193
360,,25.41,25.33,3,1993,34.29,31.43,20,32,40,258,62
361,B-122,61.62,53.33,3,1993,71.43,71.43,71.43,60,64.44,640,210
362,,41.08,34.67,3,1993,64.29,40,31.43,40,55.56,430,111
363,B-198,27.57,36,3,1993,60,40,51.43,36,38.89,391,120
364,,34.59,41.33,3,1993,57.14,31.43,40,52,53.33,417,130
365,B-030,47.03,50.67,3,1993,64.29,51.43,40,40,62.22,465,154
366,,9.19,2.67,3,1993,11.43,11.43,11.43,20,24.44,121,35
367,,10.27,22.67,3,1993,20,31.43,20,0,17.78,147,34
368,B-158,35.11,34.67,1,1994,51.43,45.71,54.29,40,60,453,139
369,,36.89,33.33,1,1994,37.14,45.71,20,36,61.11,379,92
370,B-001,56.44,42.67,1,1994,67.14,60,51.43,52,71.11,550,172
371,B-177,60,52,1,1994,71.43,71.43,71.43,32,78.89,594,196
372,B-022,67.11,54.67,1,1994,51.43,51.43,71.43,40,67.78,561,200
373,B-191,60,57.33,1,1994,77.14,71.43,71.43,52,67.78,642,191
374,B-093,38.67,50.67,1,1994,67.14,60,60,40,68.89,523,149
375,,48.89,57.33,1,1994,74.29,71.43,54.29,36,63.33,509,155
376,,53.78,48,1,1994,68.57,54.29,74.29,60,63.33,550,190
377,B-013,67.11,52,1,1994,77.14,71.43,80,40,61.11,604,229
378,B-004,59.56,62.67,1,1994,80,71.43,71.43,52,58.89,616,196
379,,33.78,38.67,1,1994,64.29,45.71,60,52,57.78,420,108
380,,35.56,32,1,1994,48.57,65.71,51.43,36,45.56,399,123
381,,48.89,56,1,1994,68.57,74.29,51.43,44,63.33,540,157
382,,36.89,45.33,1,1994,71.43,51.43,91.43,52,64.44,540,160
383,B-016,56.44,36,1,1994,54.29,51.43,51.43,32,56.67,478,149
384,B-120,67.11,65.33,1,1994,60,60,60,60,76.67,644,199
385,B-048,36.89,25.33,1,1994,55.71,40,54.29,40,47.78,388,129
386,,47.11,60,1,1994,57.14,60,60,40,58.89,490,162
387,,8,20,1,1994,44.29,54.29,34.29,24,52.22,262,59
388,,28,50.67,1,1994,54.29,60,54.29,20,68.89,395,117
389,,35.56,33.33,1,1994,50,25.71,40,36,47.78,362,114
390,,50.67,56,1,1994,60,60,54.29,24,65.56,505,178
391,,35.56,48,2,1994,64.29,54.29,51.43,44,55.56,464,128
392,B-186,55.11,72,2,1994,74.29,60,65.71,64,75.56,642,177
393,B-043,40,52,2,1994,71.43,51.43,60,40,66.67,503,145
394,B-044,64.89,65.33,2,1994,74.29,74.29,65.71,64,61.11,650,199
395,B-031,47.11,34.67,2,1994,71.43,51.43,51.43,52,60,531,175
396,,33.33,41.33,2,1994,54.29,60,54.29,32,51.11,437,116
397,,47.11,54.67,2,1994,77.14,60,80,52,63.33,566,178
398,,53.33,49.33,2,1994,60,40,60,60,64.44,541,172
399,B-033,46.22,61.33,2,1994,74.29,60,60,44,64.44,536,141
400,,59.56,52,2,1994,67.14,60,60,52,65.56,588,182
401,,24,25.33,2,1994,47.14,25.71,40,24,38.89,325,97
402,B-024,33.78,52,2,1994,62.86,60,51.43,40,54.44,467,139
403,,52.89,38.67,2,1994,51.43,45.71,71.43,36,53.33,471,175
404,B-009,53.78,42.67,2,1994,67.14,40,51.43,52,43.33,513,167
405,,28,40,2,1994,42.86,34.29,51.43,44,61.11,366,109
406,B-085,60.89,54.67,2,1994,71.43,71.43,71.43,40,72.22,597,193
407,B-019,65.78,57.33,2,1994,60,65.71,80,40,67.78,602,216
408,,35.11,30.67,3,1994,57.14,51.43,51.43,40,51.11,416,120
409,B-054,67.11,61.33,3,1994,70,60,71.43,72,68.89,641,215
410,,13.33,10.67,3,1994,38.57,25.71,31.43,20,11.11,185,64
411,B-057,57.78,34.67,3,1994,57.14,40,60,32,40,447,208
412,,20,37.33,3,1994,54.29,40,51.43,40,43.33,333,96
413,B-122,68,56,3,1994,64.29,65.71,60,60,58.89,608,207
414,B-056,40,20,3,1994,72.86,51.43,31.43,32,32.22,347,119
415,B-194,55.11,50.67,3,1994,67.14,54.29,45.71,60,68.89,545,160
416,,4,2.67,3,1994,11.43,20,20,12,15.56,87,39
417,B-152,28.89,21.33,3,1994,60,40,40,40,35.56,320,112
418,,25.78,29.33,3,1994,50,34.29,31.43,36,31.11,327,105
419,B-069,52.44,52,3,1994,68.57,54.29,60,52,57.78,513,169
420,,37.78,26.67,3,1994,71.43,45.71,60,52,62.22,458,140
421,B-151,25.78,41.33,3,1994,31.43,31.43,31.43,20,54.44,324,100
422,B-141,32,24,3,1994,57.14,34.29,31.43,40,38.89,354,105
423,,17.33,16,3,1994,28.57,31.43,20,24,23.33,201,82
424,,17.78,25.33,3,1994,35.71,31.43,25.71,32,16.67,248,70
425,B-198,30.67,22.67,3,1994,67.14,51.43,51.43,20,28.89,342,139
426,,17.33,25.33,3,1994,27.14,25.71,31.43,24,33.33,257,79
427,B-121,31.11,26.67,3,1994,52.86,40,31.43,24,34.44,360,98
428,,6.22,14.67,3,1994,17.14,5.71,25.71,20,15.56,141,47
429,,6.22,29.33,3,1994,41.43,34.29,20,20,33.33,234,47
430,,27.56,20,3,1994,27.14,20,40,20,14.44,270,102
431,,6.22,14.67,3,1994,24.29,31.43,31.43,12,27.78,167,39
432,,10.22,16,3,1994,21.43,20,20,20,25.56,149,33
433,,31.56,17.33,3,1994,27.14,20,11.43,20,14.44,207,101
434,,8.89,20,3,1994,37.14,31.43,31.43,16,13.33,152,33
435,,1.78,20,3,1994,35.71,11.43,20,20,22.22,151,29
436,,48.51,45.33,1,1995,67.14,71.43,60,40,70,558,127
437,,65.11,68,1,1995,71.43,71.43,80,72,70,664,174
438,,61.7,70.67,1,1995,74.29,71.43,70,72,70,646,163
439,,57.02,48,1,1995,67.14,60,70,52,75,588,156
440,,68.51,54.67,1,1995,77.14,71.43,70,60,75,643,168
441,,28.94,40,1,1995,67.14,51.43,70,52,65,463,89
442,,13.19,25.33,1,1995,44.29,40,30,40,50,303,49
443,,68.94,61.33,1,1995,80,71.43,70,60,70,682,162
444,,53.19,53.33,1,1995,67.14,71.43,60,52,70,577,134
445,,51.06,52,1,1995,64.29,60,66.67,60,62.5,570,139
446,B-004,68.51,65.33,1,1995,77.14,80,70,72,70,678,174
447,B-017,62.55,60,1,1995,77.14,60,70,60,70,645,165
448,B-028,59.15,49.33,1,1995,60,65.71,70,52,72.5,583,143
449,B-072,41.7,37.33,1,1995,67.14,40,50,40,60,460,113
450,,41.7,32,1,1995,64.29,51.43,40,40,65,477,110
451,B-016,55.74,50.67,1,1995,67.14,40,60,40,70,551,134
452,B-120,34.47,50.67,1,1995,57.14,40,70,40,65,474,109
453,B-001,45.96,42.67,1,1995,60,71.43,60,52,65,514,121
454,,65.11,62.67,2,1995,71.43,60,70,40,55,586,165
455,,32.77,42.67,2,1995,67.14,51.43,50,60,40,448,99
456,,47.66,30.67,2,1995,57.14,51.43,50,44,70,512,134
457,,57.02,60,2,1995,67.14,60,60,80,60,600,153
458,,47.66,54.67,2,1995,74.29,51.43,50,52,55,516,119
459,,20.85,41.33,2,1995,44.29,31.43,50,32,30,360,71
460,B-024,46.81,50.67,2,1995,71.43,60,60,52,60,531,137
461,,44.26,34.67,2,1995,57.14,51.43,60,40,65,462,119
462,,54.04,48,2,1995,65.71,54.29,66.67,52,62.5,558,147
463,,47.66,65.33,2,1995,60,65.71,80,72,72.5,622,132
464,,27.66,29.33,3,1995,54.29,40,30,44,45,380,80
465,,33.19,28,3,1995,40,40,40,32,30,347,75
466,,0,2.67,3,1995,11.43,11.43,10,12,10,51,6
467,,64.26,56,3,1995,71.43,51.43,70,60,70,613,160
468,,27.66,25.33,3,1995,31.43,31.43,30,32,50,319,72
469,,66.38,48,3,1995,71.43,51.43,70,72,50,594,156
470,,32.77,28,3,1995,54.29,40,50,32,30,373,102
471,B-122,48.51,41.33,3,1995,67.14,60,56.67,56,50,495,138
472,,14.89,30.67,3,1995,47.14,31.43,40,40,40,291,50
473,B-090,46.38,28,3,1995,51.43,51.43,50,40,60,463,103
474,,0,18.67,3,1995,20,31.43,20,32,25,135,15
475,B-030,29.36,33.33,3,1995,40,31.43,40,32,55,329,85
476,,23.4,33.33,3,1995,34.29,20,40,20,30,314,71
477,B-141,37.02,30.67,3,1995,67.14,40,40,52,45,449,100
478,,37.45,37.33,3,1995,54.29,31.43,40,52,35,414,88
479,B-057,46.38,54.67,3,1995,71.43,60,70,52,50,491,149
480,,4.26,5.33,3,1995,11.43,11.43,20,12,15,122,22
481,B-152,26.81,30.67,3,1995,51.43,51.43,30,60,70,383,78
482,,20.85,28,4,1995,35.71,40,53.33,48,41.25,324,60
483,,33.62,40,4,1995,52.86,65.71,73.33,80,51.25,437,98
484,,1.28,12,4,1995,15.71,40,40,32,21.25,160,33
485,,14.04,22.67,4,1995,25.71,25.71,13.33,48,8.75,170,15
486,,4.68,14.67,4,1995,31.43,31.43,20,48,22.5,180,20
487,,16.6,21.33,4,1995,48.57,45.71,26.67,72,27.5,293,74
488,,35.74,46.67,4,1995,65.71,91.43,66.67,72,41.25,501,104
489,,44.68,53.33,4,1995,70,77.14,66.67,80,38.75,506,104
490,,11.06,16,4,1995,25.71,14.29,20,40,12.5,156,35
491,,21.7,42.67,4,1995,55.71,65.71,46.67,48,25,344,64
492,,34.89,41.33,4,1995,60,77.14,40,64,32.5,424,106
493,,7.66,49.33,4,1995,51.43,51.43,80,88,41.25,379,66
494,,30.21,24,4,1995,25.71,40,40,48,41.25,321,55
495,,2.55,8,4,1995,24.29,25.71,26.67,40,15,157,28
496,,22.13,42.67,4,1995,55.71,71.43,60,48,33.75,393,72
497,,6.38,16,4,1995,18.57,31.43,13.33,0,13.75,105,10
498,,24.26,34.67,4,1995,45.71,65.71,40,64,37.5,373,89
499,,8.09,17.33,4,1995,48.57,45.71,13.33,32,20,177,24
500,,7.23,18.67,4,1995,35.71,14.29,26.67,40,15,168,29
501,,25.96,42.67,5,1995,48.57,45.71,30,40,48.75,375,70
502,,15.32,24,5,1995,17.14,14.29,10,24,11.25,147,32
503,,18.3,14.67,5,1995,27.14,25.71,30,24,32.5,227,59
504,,30.21,45.33,5,1995,68.57,45.71,56.67,40,42.5,411,100
505,,49.36,33.33,5,1995,38.57,45.71,40,32,20,415,110
506,,17.02,16,5,1995,20,20,20,20,22.5,186,34
507,,8.09,12,5,1995,20,34.29,16.67,12,10,107,29
508,,24.68,5.33,5,1995,24.29,31.43,20,32,27.5,272,69
509,,41.7,30.67,5,1995,47.14,40,40,40,40,378,107
510,,17.02,20,5,1995,28.57,20,20,24,13.75,197,46
511,,14.47,22.67,5,1995,27.14,20,26.67,36,40,262,32
512,,59.57,44,5,1995,67.14,40,40,32,57.5,521,139
513,,14.47,38.67,5,1995,54.29,60,40,52,48.75,348,68
514,,14.04,9.33,5,1995,14.29,20,16.67,20,7.5,131,52
515,,26.81,30.67,5,1995,28.57,31.43,50,32,40,310,87
516,,0,14.67,5,1995,18.57,0,10,40,15,108,6
517,,2.13,12,5,1995,37.14,20,6.67,4,10,113,15
518,,3.4,18.67,5,1995,28.57,11.43,10,32,17.5,133,8
519,,48.51,48,5,1995,44.29,40,50,52,50,465,117
520,,41.7,34.67,5,1995,37.14,31.43,36.67,44,37.5,347,93
521,,27.66,32,5,1995,31.43,45.71,46.67,20,16.25,291,79
522,,38.3,34.67,5,1995,37.14,31.43,40,40,32.5,359,93
523,,20.43,25.33,5,1995,38.57,31.43,30,24,37.5,268,55
524,,10.21,25.33,5,1995,41.43,14.29,16.67,60,31.25,222,34
525,,17.87,45.33,5,1995,51.43,51.43,50,32,40,322,49
526,,3.4,13.33,5,1995,28.57,25.71,6.67,16,2.5,96,4
527,,20.43,33.33,5,1995,47.14,40,40,40,17.5,281,65
528,,5.96,24,5,1995,40,31.43,30,32,13.75,225,39
529,,0,12,5,1995,27.14,14.29,20,16,13.75,89,20
530,,13.62,21.33,5,1995,31.43,34.29,20,36,13.75,191,31
531,,8.51,14.67,5,1995,22.86,14.29,20,20,20,138,22
532,,21.28,8,5,1995,14.29,5.71,20,20,26.25,171,36
533,,20.43,22.67,5,1995,41.43,31.43,16.67,24,28.75,235,51
534,,25.96,33.33,5,1995,34.29,34.29,30,56,37.5,332,78
535,,12.77,13.33,5,1995,14.29,11.43,26.67,16,18.75,155,26
536,,10.21,12,5,1995,27.14,20,36.67,32,25,185,45
537,,23.83,22.67,5,1995,37.14,31.43,40,40,31.25,296,62
538,,28.51,22.67,5,1995,27.14,31.43,26.67,32,31.25,277,74
539,,11.06,26.67,5,1995,35.71,34.29,30,32,28.75,239,28
540,,40.85,50.67,5,1995,44.29,51.43,50,52,40,439,109
541,,43.4,30.67,5,1995,44.29,31.43,40,52,43.75,397,109
542,,14.47,14.67,5,1995,51.43,40,30,32,26.25,264,56
543,,23.83,25.33,5,1995,34.29,14.29,36.67,40,32.5,241,69
544,,19.15,38.67,5,1995,50,20,36.67,24,13.75,286,67
545,,63.4,66.67,1,1996,71.43,71.43,70,60,67.5,659,167
546,,40,30.67,1,1996,40,31.43,50,32,50,415,106
547,B-073,68.51,58.67,1,1996,77.14,71.43,70,72,67.5,676,171
548,B-013,70.21,48,1,1996,61.43,71.43,56.67,60,55,603,171
549,,46.81,57.33,1,1996,58.57,65.71,70,56,67.5,532,128
550,,38.3,37.33,1,1996,48.57,60,36.67,32,42.5,399,101
551,,50.64,50.67,1,1996,60,60,70,72,70,563,154
552,B-004,66.81,60,1,1996,71.43,71.43,70,60,65,645,175
553,,53.62,40,1,1996,51.43,54.29,40,32,65,479,140
554,B-001,57.02,50.67,1,1996,57.14,71.43,70,52,75,562,153
555,B-006,38.3,52,1,1996,60,60,56.67,56,67.5,512,117
556,B-095,58.3,48,1,1996,58.57,60,50,60,65,569,150
557,,44.68,50.67,1,1996,62.86,45.71,60,40,75,530,120
558,B-031,46.81,46.67,2,1996,62.86,54.29,60,56,47.5,507,133
559,,51.49,46.67,2,1996,58.57,51.43,60,44,55,529,130
560,B-033,40,62.67,2,1996,64.29,71.43,70,52,70,548,127
561,,40.43,41.33,2,1996,41.43,51.43,50,52,57.5,434,117
562,,53.19,48,2,1996,62.86,54.29,66.67,44,60,528,133
563,,60,49.33,2,1996,57.14,65.71,70,60,60,588,155
564,B-184,66.81,61.33,3,1996,71.43,54.29,60,60,67.5,620,166
565,B-054,66.81,58.67,3,1996,71.43,51.43,60,60,60,618,169
566,,37.02,42.67,3,1996,51.43,40,50,32,60,426,103
567,B-141,46.81,36,3,1996,67.14,51.43,46.67,64,50,478,118
568,,20,28,3,1996,37.14,31.43,30,20,40,266,59
569,,10.21,10.67,3,1996,20,20,20,12,30,144,31
570,,33.19,42.67,3,1996,54.29,51.43,50,52,52.5,436,92
571,B-030,43.83,48,3,1996,60,40,50,52,65,475,128
572,,37.02,28,3,1996,40,20,26.67,32,30,330,90
573,B-180,50.21,56,3,1996,60,51.43,60,52,55,534,131
574,,30,20,1,1997,30,30,30,30,50,280,114
575,B-132,40,32.5,1,1997,60,60,60,40,50,437,169
576,B-053,60,66.25,1,1997,80,70,70,40,80,640,266
577,B-034,50,62.5,1,1997,70,70,60,60,70,609,265
578,B-086,65.38,51.25,1,1997,60,55,50,50,70,575,275
579,B-001,60,65,1,1997,70,70,70,60,80,648,283
580,B-016,40,40,1,1997,50,40,50,46.67,60,456,197
581,B-006,40,60,1,1997,60,70,50,50,70,540,222
582,B-163,60,70,1,1997,75,70,55,50,80,652,286
583,,60,50,2,1997,70,60,70,70,70,610,268
584,B-031,50,51.25,2,1997,70,60,60,50,60,551,223
585,,40,56.25,2,1997,50,60,55,60,65,538,232
586,B-125,40,40,2,1997,60,60,50,50,55,470,189
587,,30,47.5,2,1997,40,30,30,40,30,351,136
588,,60,53.75,2,1997,60,70,70,50,60,577,265
589,,20,23.75,2,1997,30,30,30,30,30,243,95
590,B-180,60,56.25,3,1997,70,60,60,60,60,585,265
591,B-091,20,28.75,3,1997,50,40,40,50,50,327,107
592,,5.38,25,3,1997,35,20,20,46.67,35,226,73
593,B-145,30,37.5,3,1997,55,5,55,30,45,328,111
594,B-090,50,51.25,3,1997,70,50,50,40,60,545,239
595,,0,2.5,3,1997,20,0,10,20,15,70,7
596,B-119,20,31.25,3,1997,30,30,30,10,40,283,113
597,B-021,60,58.75,3,1997,70,60,70,60,70,627,278
598,B-030,40,43.75,3,1997,50,50,50,50,70,443,175
599,B-003,40,61.25,3,1997,70,50,55,56.67,60,517,193
600,B-034,60,63.75,1,1998,70,70,70,60,70,633,281
601,,20,37.5,1,1998,50,50,60,30,70,439,183
602,B-086,60,75,1,1998,70,60,70,50,80,671,296
603,,40,55,1,1998,65,60,60,56.67,65,526,210
604,B-132,40,33.75,1,1998,60,60,60,60,60,462,178
605,,44.8,53.75,1,1998,60,50,50,50,70,544,238
606,B-111,20,28.75,1,1998,30,30,30,50,40,349,166
607,B-172,40,48.75,1,1998,60,60,60,50,70,455,161
608,,40,51.25,1,1998,50,40,50,30,60,427,170
609,B-040,20,38.75,1,1998,30,30,40,40,40,287,90
610,,10.4,27.5,1,1998,40,30,30,40,30,268,98
611,,50.4,65,1,1998,70,80,60,60,70,619,264
612,B-071,50.4,48.75,1,1998,60,50,70,70,50,564,251
613,B-159,40,33.75,1,1998,50,30,60,50,70,444,191
614,B-055,60,60,1,1998,70,60,70,50,70,590,255
615,B-195,40,42.5,2,1998,50,40,50,40,60,442,178
616,,30.4,38.75,2,1998,40,40,50,40,50,357,127
617,B-032,20,23.75,2,1998,40,40,30,20,40,289,114
618,B-031,60,53.75,2,1998,80,60,60,60,70,600,248
619,B-125,30.4,48.75,2,1998,50,50,60,40,50,421,159
620,B-180,60,61.25,3,1998,70,70,60,60,60,640,296
621,B-128,50.4,48.75,3,1998,60,60,60,40,60,524,227
622,B-007,30.4,33.75,3,1998,70,60,60,50,60,443,146
623,,50.4,40,3,1998,50,50,50,50,50,452,192
624,B-015,30.4,23.75,3,1998,45,30,30,40,35,316,131
625,B-119,20,27.5,3,1998,40,40,30,20,30,277,102
626,,50.4,53.75,3,1998,70,60,60,60,70,591,251
627,,20,25,3,1998,20,30,30,30,20,204,71
628,,20,27.5,3,1998,40,20,40,40,30,283,98
629,B-091,40,42.5,3,1998,40,30,40,30,50,376,156
630,B-047,70.4,46.25,3,1998,60,60,60,50,50,556,262
631,B-003,60,58.75,3,1998,70,60,55,60,60,557,229
632,B-036,40,27.5,3,1998,50,40,50,36.67,55,395,168
633,B-078,20,31.25,3,1998,50,30,40,40,40,334,126
634,B-173,30.4,41.25,3,1998,60,30,30,50,60,389,162
635,B-156,40,43.75,3,1998,50,40,50,50,50,414,170
636,B-172,50.43,64.71,1,1999,60,60,60,52,70.91,553,215
637,,40,44.71,1,1999,50.59,40,50,52,50.91,445,178
638,B-095,50.43,55.29,1,1999,60,70,60,52,70.91,597,263
639,B-055,50.43,62.35,1,1999,64.71,60,60,56,80,576,233
640,B-145,40,40,2,1999,50.59,20,50,32,60,366,136
641,,40,44.71,2,1999,50.59,50,60,52,40,422,167
642,B-195,50.43,35.29,2,1999,40,30,50,32,60,443,215
643,,10.43,40,2,1999,40,40,40,32,60,326,91
644,B-031,34.78,52.94,2,1999,64.71,50,60,52,65.45,509,190
645,B-148,70.43,57.65,2,1999,70.59,75,70,60,60,621,270
646,B-032,20,40,2,1999,40,30,40,40,50.91,345,125
647,,20,29.41,2,1999,50.59,30,40,40,50.91,308,110
648,,30.43,60,2,1999,64.71,65,45,36,70.91,481,182
649,B-070,20,49.41,2,1999,50.59,60,50,40,60,363,90
650,,20,25.88,2,1999,40,30,40,20,40,273,81
651,B-007,40,55.29,3,1999,70.59,60,60,52,70.91,530,187
652,,20,20,3,1999,30.59,20,40,20,20,224,92
653,,40,49.41,3,1999,70.59,60,55,60,60,537,232
654,B-078,30.43,30.59,3,1999,30.59,40,30,52,50.91,329,124
655,,40,50.59,3,1999,50.59,50,60,40,60,421,159
656,B-036,30.43,45.88,3,1999,50.59,40,60,52,60,405,137
657,,40,44.71,3,1999,60,60,50,40,70.91,493,200
658,,40,30.59,3,1999,40,40,40,32,30.91,334,154
659,,10.43,15.29,3,1999,30.59,30,40,32,50.91,215,55
660,B-015,34.78,44.71,3,1999,60,60,55,60,40,436,142
661,B-156,40,40,3,1999,60,40,60,52,60,465,199
662,B-118,46.09,18.82,4,1999,56.47,55,50,48,60,436,183
663,B-077,78.26,25.88,4,1999,65.88,40,50,56,60,540,260
664,,65.22,17.65,4,1999,37.65,40,50,48,65.45,426,185
665,,52.17,15.29,4,1999,37.65,50,40,36,43.64,327,130
666,B-188,65.22,24.71,4,1999,56.47,50,50,72,54.55,478,195
667,B-130,91.3,28.24,4,1999,61.18,65,60,72,65.45,586,255
668,,91.3,21.18,4,1999,42.35,50,45,72,76.36,514,240
669,,39.13,8.24,4,1999,9.41,10,20,12,32.73,164,85
670,,65.22,18.82,4,1999,47.06,50,50,36,54.55,437,185
671,,39.13,17.65,4,1999,56.47,50,40,36,65.45,361,125
672,,39.13,8.24,4,1999,37.65,30,20,24,43.64,239,95
673,B-185,26.09,9.41,4,1999,37.65,30,50,60,43.64,263,90
674,,65.22,16.47,4,1999,56.47,50,40,48,43.64,401,175
675,,13.04,8.24,4,1999,18.82,30,30,24,43.64,184,55
676,B-199,13.04,9.41,4,1999,37.65,20,20,36,43.64,204,45
677,B-076,78.26,27.06,4,1999,65.88,70,60,60,65.45,572,250
678,B-170,34.78,31.76,5,1999,56.47,60,50,60,89.09,503,192
679,,34.78,27.06,5,1999,37.65,40,40,48,63.64,426,182
680,,34.78,24.71,5,1999,47.06,30,30,48,50.91,398,181
681,B-153,43.48,24.71,5,1999,47.06,60,50,72,76.36,478,198
682,B-026,26.09,17.65,5,1999,37.65,30,40,48,50.91,318,116
683,,26.09,18.82,5,1999,37.65,30,40,36,50.91,292,108
684,B-189,17.39,9.41,5,1999,37.65,40,40,48,38.18,300,103
685,B-127,26.09,21.18,5,1999,28.24,30,30,36,50.91,309,120
686,B-149,43.48,18.82,5,1999,65.88,40,40,36,63.64,459,214
687,,40,35.29,1,2000,24.71,50,60,40,65.45,391,167
688,B-111,30.43,40,1,2000,40,30,40,52,50.91,371,151
689,B-081,30.43,35.29,1,2000,60,50,50,60,60,415,130
690,,20,35.29,1,2000,40,40,40,40,40,363,148
691,B-095,65.22,55.29,1,2000,70.59,70,65,60,74.55,641,292
692,,50.43,55.29,1,2000,60,60,70,52,70.91,548,227
693,,20,30.59,1,2000,30.59,30,20,20,40,241,92
694,,30.43,44.71,1,2000,60,50,60,60,60,433,139
695,,40,55.29,1,2000,70.59,50,60,60,70.91,548,215
696,B-071,60,49.41,1,2000,70.59,60,70,76,65.45,609,255
697,,50.43,60,1,2000,60,50,60,52,70.91,523,218
698,,10.43,24.71,1,2000,30.59,20,30,32,50.91,213,57
699,B-055,54.78,62.35,1,2000,75.29,70,60,60,70.91,614,263
700,,60,55.29,1,2000,70.59,60,60,52,60,570,244
701,B-186,40,60,2,2000,60,60,60,40,70.91,496,182
702,B-125,50.43,44.71,2,2000,50.59,50,50,52,60,511,233
703,B-195,60,44.71,2,2000,60,50,50,40,70.91,529,259
704,B-070,10.43,44.71,2,2000,50.59,40,50,40,50.91,323,68
705,,30.43,15.29,2,2000,40,40,40,40,40,314,114
706,B-128,60,55.29,3,2000,70.59,60,60,52,70.91,592,258
707,B-187,30.43,35.29,3,2000,30.59,30,40,40,50.91,313,112
708,B-015,40,44.71,3,2000,60,60,60,60,40,434,144
709,,10.43,24.71,3,2000,30.59,30,20,32,30.91,217,63
710,B-173,50.43,57.65,3,2000,75.29,55,60,52,54.55,547,221
711,B-021,60,55.29,3,2000,70.59,60,60,40,50.91,536,223
712,B-087,70.43,50.59,3,2000,60,50,60,52,50.91,589,291
713,,30.43,20,3,2000,20,20,20,20,30.91,177,59
714,B-030,20,40,3,2000,20,30,50,32,60,297,102
715,,20,24.71,3,2000,40,30,40,40,40,301,100
716,B-035,45.22,55.29,3,2000,60,50,45,56,54.55,478,182
717,B-118,86.96,57.65,4,2000,70.59,60,50,52,65.45,544,219
718,B-199,34.78,35.29,4,2000,40,30,40,60,40,330,119
719,B-077,121.74,55.29,4,2000,60,70,40,40,70.91,562,264
720,B-185,26.09,27.06,4,2000,44.71,30,35,20,34.55,226,52
721,B-076,86.96,50.59,4,2000,50.59,50,50,40,50.91,499,229
722,,34.78,15.29,4,2000,30.59,30,30,20,30.91,235,83
723,B-130,95.65,50.59,4,2000,55.29,50,55,40,54.55,521,239
724,,95.65,29.41,4,2000,35.29,35,30,32,40,356,168
725,B-188,78.26,51.76,4,2000,60,55,55,40,60,499,208
726,,52.17,30.59,4,2000,50.59,40,40,40,40,335,110
727,,86.96,40,4,2000,40,40,40,40,50.91,381,164
728,B-026,121.74,64.71,5,2000,56.47,60,50,60,60,604,276
729,B-135,34.78,35.29,5,2000,37.65,40,40,40,40,324,113
730,B-060,86.96,64.71,5,2000,56.47,60,50,52,70.91,520,199
731,B-189,52.17,35.29,5,2000,47.06,30,30,32,30.91,353,163
732,,52.17,40,5,2000,37.65,45,50,40,50.91,368,129
733,B-170,69.57,57.65,5,2000,65.88,55,55,52,65.45,502,179
734,B-127,34.78,35.29,5,2000,28.24,30,40,40,30.91,254,71
735,B-037,34.78,10.59,5,2000,30.59,30,30,20,40,224,79
736,B-048,60,70,1,2001,65,50,60,60,71.11,618,278
737,B-071,60,56,1,2001,60,50,60,60,60,562,250
738,B-143,24.8,60,1,2001,65,50,60,52,71.11,464,147
739,B-106,35.2,70,1,2001,60,55,60,40,60,466,148
740,,40,60,1,2001,60,50,50,40,60,477,185
741,B-081,30.4,50,1,2001,50,45,50,44,55.56,409,144
742,B-025,40,60,1,2001,60,50,50,60,60,474,180
743,,50.4,60,2,2001,65,60,60,60,60,565,260
744,,30.4,30,2,2001,20,10,20,20,31.11,261,128
745,B-186,60,60,2,2001,60,60,70,40,71.11,560,230
746,,20,40,2,2001,40,40,40,32,40,322,115
747,B-128,60,60,3,2001,60,55,55,40,60,556,258
748,B-015,20,20,3,2001,25,20,20,40,20,215,84
749,B-187,35.2,36,3,2001,50,30,45,40,40,331,128
750,B-035,70.4,50,3,2001,60,50,50,52,60,520,231
751,,20,40,3,2001,40,40,30,40,31.11,302,111
752,B-173,60,70,3,2001,70,50,60,60,60,597,263
753,,30.4,30,3,2001,40,30,30,40,40,303,116
754,B-156,30.4,40,3,2001,50,40,50,40,40,385,169
755,B-065,16,10,4,2001,20,20,30,20,44.44,174,41
756,B-118,80,60,4,2001,50,60,40,52,55.56,490,222
757,B-188,96,70,4,2001,70,50,60,60,77.78,575,248
758,,80,60,4,2001,60,60,50,40,66.67,489,200
759,B-076,96,70,4,2001,70,60,60,40,66.67,538,220
760,B-147,16,30,4,2001,40,30,30,20,22.22,217,45
761,B-130,96,60,4,2001,60,50,50,56,55.56,573,274
762,,48,30,4,2001,30,30,30,20,40,273,119
763,,72,40,4,2001,55,50,60,36,66.67,459,183
764,,96,56,4,2001,40,40,50,32,66.67,462,211
765,B-027,40,40,5,2001,37.5,40,50,40,51.11,386,156
766,B-134,40,50,5,2001,37.5,40,50,40,31.11,409,185
767,B-189,40,60,5,2001,56.25,50,60,40,40,504,218
768,B-037,40,36,5,2001,37.5,30,35,32,40,345,138
769,,15.2,30,5,2001,32.5,25,35,32,31.11,256,101
770,B-170,50.4,60,5,2001,56.25,60,50,60,60,552,243
771,B-026,50.4,40,5,2001,56.25,50,60,52,40,465,209
772,B-193,60,60,5,2001,56.25,50,60,52,51.11,471,210
773,B-081,30.4,46,1,2002,45,40,45,32,44.44,374,148
774,B-143,30.4,40,1,2002,50,40,50,40,60,408,160
775,B-106,50.4,70,1,2002,50,50,50,52,71.11,533,218
776,B-095,55.2,60,1,2002,70,60,60,60,71.11,573,237
777,B-084,20,56,1,2002,45,45,40,32,51.11,366,131
778,,30.4,36,1,2002,45,40,40,44,44.44,357,148
779,B-025,40,50,1,2002,55,50,50,56,60,428,148
780,B-075,50.4,50,1,2002,40,30,50,40,40,404,173
781,B-042,50.4,50,2,2002,60,55,55,60,60,542,234
782,B-186,60,60,2,2002,60,60,60,40,60,555,242
783,B-062,30.4,36,2,2002,30,35,30,36,40,291,116
784,B-015,20,40,3,2002,40,30,30,40,31.11,297,90
785,,30.4,50,3,2002,60,60,50,40,60,451,168
786,,35.2,60,3,2002,50,45,45,44,51.11,409,154
787,B-012,55.2,50,3,2002,55,45,50,40,55.56,507,245
788,B-173,55.2,60,3,2002,70,60,65,52,71.11,587,248
789,,20,20,3,2002,25,20,25,12,35.56,183,64
790,B-099,30.4,30,3,2002,20,35,20,20,31.11,261,115
791,,10.4,20,3,2002,20,20,20,12,20,162,54
792,B-035,60,60,3,2002,60,45,70,60,60,553,250
793,,20,30,3,2002,20,30,25,20,40,221,78
794,B-059,35.2,40,3,2002,40,45,50,24,55.56,391,154
795,B-124,64,30,4,2002,30,30,30,32,33.33,318,145
796,,24,10,4,2002,20,10,20,20,33.33,177,83
797,B-065,32,20,4,2002,20,25,30,20,44.44,214,83
798,B-147,48,50,4,2002,50,50,50,40,55.56,387,128
799,B-050,64,50,4,2002,45,40,45,32,44.44,417,185
800,B-108,32,30,4,2002,45,35,40,24,44.44,299,106
801,,48,40,4,2002,30,30,30,32,33.33,276,103
802,B-110,64,30,4,2002,40,40,50,40,44.44,383,169
803,,64,46,4,2002,40,40,40,44,55.56,415,179
804,,64,30,4,2002,40,40,40,36,55.56,328,131
805,,30.4,46,5,2002,51.25,50,60,40,64.44,448,164
806,B-027,20,30,5,2002,37.5,40,40,40,31.11,297,98
807,B-153,60,70,5,2002,66.25,70,60,72,71.11,645,290
808,B-183,60,50,5,2002,47.5,50,50,40,60,501,242
809,B-170,30.4,40,5,2002,56.25,50,50,60,60,480,201
810,B-060,50.4,60,5,2002,56.25,45,40,40,71.11,504,218
811,B-037,35.2,40,5,2002,42.5,45,50,32,40,378,154
812,B-026,70.4,60,5,2002,66.25,60,70,60,60,594,271
813,B-135,30.4,36,5,2002,42.5,40,35,40,40,352,142
814,,30.4,50,5,2002,47.5,45,45,36,51.11,367,116
815,B-149,30.4,26,5,2002,28.75,20,30,36,20,310,169
816,B-189,60,56,5,2002,51.25,45,50,32,51.11,505,234
817,B-097,40,46,5,2002,51.25,50,55,40,51.11,460,192
818,B-109,20,30,5,2002,32.5,25,35,36,31.11,255,84
819,B-193,60,50,5,2002,51.25,55,40,40,44.44,467,201
820,B-196,30.4,50,5,2002,56.25,50,40,32,51.11,384,136
821,B-165,50.4,36,5,2002,37.5,45,45,40,40,435,224
822,B-182,20,20,1,2003,20,20,20,32,10,240,114
823,,45.33,51.11,1,2003,60,60,50,56,70,499,196
824,,12.67,40,1,2003,35.71,30,30,40,36,258,72
825,B-063,35.33,51.11,1,2003,55.71,55,55,44,56,463,184
826,,12.67,40,1,2003,40,25,35,24,30,233,64
827,B-095,45.33,60,1,2003,55.71,60,50,60,66,490,196
828,B-071,47.33,51.11,1,2003,50,45,60,60,40,487,206
829,B-143,32.67,51.11,1,2003,50,55,45,40,60,429,161
830,B-025,32.67,55.56,1,2003,55.71,60,60,52,70,437,128
831,B-084,25.33,40,1,2003,40,30,30,40,50,346,136
832,B-168,42.67,55.56,2,2003,55.71,45,50,40,60,467,181
833,B-186,60,55.56,2,2003,60,55,60,60,70,583,256
834,,40,71.11,2,2003,65.71,70,60,52,60,525,195
835,B-062,35.33,51.11,2,2003,40,40,50,32,60,387,152
836,B-042,45.33,71.11,2,2003,70,60,50,72,70,601,264
837,,35.33,55.56,2,2003,50,50,55,56,30,432,174
838,,42.67,40,2,2003,35.71,30,40,40,46,371,162
839,,28,51.11,2,2003,45.71,50,60,44,50,381,122
840,B-162,18,35.56,3,2003,45.71,40,40,32,50,322,88
841,,17.33,40,3,2003,50,35,25,40,36,243,42
842,B-173,45.33,60,3,2003,70,60,60,60,50,549,226
843,,8,20,3,2003,25.71,10,35,4,26,115,20
844,B-059,22.67,51.11,3,2003,50,60,55,32,66,387,121
845,,10.67,44.44,3,2003,45.71,35,40,40,46,262,58
846,,12.67,24.44,3,2003,20,25,15,20,30,186,60
847,B-015,10.67,24.44,3,2003,30,15,20,36,16,199,54
848,,20,24.44,3,2003,40,35,35,40,50,257,61
849,,15.33,20,3,2003,30,25,20,20,30,201,72
850,,30,31.11,3,2003,40,30,45,40,50,360,138
851,B-099,40.67,40,3,2003,50,50,40,52,50,450,204
852,B-118,70,60,4,2003,75.71,60,55,56,66,531,213
853,B-124,42,31.11,4,2003,30,20,30,40,30,286,123
854,B-002,28,31.11,4,2003,30,30,40,40,40,268,90
855,,28,31.11,4,2003,30,30,30,20,40,233,72
856,,29.33,24.44,4,2003,20,20,20,20,30,178,71
857,B-174,18,40,4,2003,50,40,40,40,50,282,63
858,,68,51.11,4,2003,45.71,50,35,40,40,440,204
859,,28,20,4,2003,35.71,30,30,24,36,237,78
860,B-147,72,60,4,2003,55.71,40,55,44,56,466,192
861,B-083,56,51.11,4,2003,55.71,50,45,40,56,438,168
862,B-065,32,31.11,4,2003,40,40,40,40,40,281,78
863,B-050,90,71.11,4,2003,60,50,50,52,60,582,267
864,B-110,50,40,4,2003,45.71,35,40,36,50,348,132
865,,36,31.11,4,2003,35.71,35,30,32,30,272,102
866,B-108,66,40,4,2003,50,60,40,40,40,406,171
867,,20,35.56,4,2003,30,30,30,40,30,240,75
868,B-181,28,31.11,4,2003,40,30,35,40,46,280,90
869,,46,51.11,4,2003,60,50,60,40,46,435,153
870,,14,31.11,4,2003,30,20,20,16,26,186,51
871,B-026,57.33,55.56,5,2003,60,50,65,44,50,547,236
872,,22.67,31.11,5,2003,40,30,45,32,30,314,106
873,B-153,55.33,64.44,5,2003,70,70,65,60,60,593,256
874,,40,35.56,5,2003,35.71,30,40,40,30,337,139
875,B-183,40,40,5,2003,60,50,45,44,60,469,195
876,B-060,47.33,51.11,5,2003,55.71,45,50,44,66,510,228
877,B-189,55.33,55.56,5,2003,55.71,40,45,24,36,439,204
878,B-074,20,35.56,5,2003,45.71,30,35,40,46,300,83
879,B-135,32.67,40,5,2003,50,40,40,40,40,360,144
880,B-134,34.67,60,5,2003,50,60,45,52,50,435,165
881,B-171,30,40,5,2003,30,50,20,40,40,317,129
882,B-037,34.67,51.11,5,2003,50,55,40,44,46,452,187
883,,35.33,31.11,5,2003,45.71,40,40,44,46,413,176
884,B-114,40,51.11,5,2003,50,40,40,52,50,448,180
885,B-149,60,60,5,2003,60,60,55,56,66,565,251
886,B-109,30.67,51.11,5,2003,40,30,35,40,26,323,114
887,B-196,42.67,60,5,2003,65.71,50,55,56,56,460,169
888,B-097,34.67,51.11,5,2003,55.71,55,50,56,50,473,188
889,,15.33,24.44,5,2003,45.71,30,40,36,30,254,61
890,B-025,65.33,73.33,1,2004,68.57,57.5,77.5,56,76,642,287
891,B-034,60.67,68.89,1,2004,78.57,80,65,60,76,651,265
892,B-104,30.67,51.11,1,2004,55.71,45,55,44,50,425,152
893,B-012,46,55.56,1,2004,48.57,42.5,55,44,38,455,192
894,B-075,42.67,55.56,1,2004,45.71,35,60,40,66,455,181
895,B-063,51.33,73.33,1,2004,65.71,70,65,64,74,638,282
896,B-084,10.67,55.56,1,2004,50,30,60,52,50,360,98
897,,13.33,62.22,1,2004,65.71,55,50,44,48,379,93
898,,37.33,55.56,2,2004,55.71,50,55,36,66,436,147
899,B-168,45.33,64.44,2,2004,60,65,65,52,56,536,196
900,,16.67,44.44,2,2004,42.86,32.5,25,40,40,297,96
901,,50.67,60,2,2004,70,60,60,60,54,558,232
902,B-062,55.33,75.56,2,2004,70,60,65,56,76,593,241
903,B-180,70.67,71.11,3,2004,60,60,65,60,60,602,272
904,B-162,14.67,44.44,3,2004,35.71,32.5,42.5,40,46,299,68
905,,12.67,31.11,3,2004,35.71,40,30,44,30,262,76
906,B-099,54,51.11,3,2004,58.57,60,50,60,56,564,252
907,,32.67,55.56,3,2004,40,45,65,44,40,417,155
908,B-187,38,51.11,3,2004,45.71,37.5,52.5,40,48,418,165
909,B-182,28,40,3,2004,40,40,35,44,20,350,148
910,B-129,35.33,51.11,3,2004,60,50,50,52,60,461,169
911,B-065,41.33,42.22,4,2004,42.86,35,37.5,44,56,328,96
912,B-082,42,44.44,4,2004,40,42.5,45,40,36,356,142
913,B-118,58,55.56,4,2004,60,60,60,44,50,483,186
914,B-083,89.33,60,4,2004,70,60,55,52,70,583,242
915,,45.33,64.44,4,2004,50,55,60,44,66,431,131
916,B-002,61.33,40,4,2004,35.71,35,40,40,46,389,173
917,,28,55.56,4,2004,50,57.5,65,44,56,381,100
918,B-150,40,40,4,2004,40,35,25,44,36,312,123
919,,80,55.56,4,2004,50,50,60,40,60,506,219
920,,56,40,4,2004,30,35,45,40,46,383,171
921,,44.67,44.44,4,2004,38.57,22.5,35,36,40,315,124
922,B-181,39.33,55.56,4,2004,55.71,60,45,52,60,401,119
923,,62,40,4,2004,50,35,45,44,50,392,174
924,,22,11.11,4,2004,25.71,15,20,20,16,185,69
925,B-147,70,51.11,4,2004,55.71,55,55,44,60,511,219
926,B-197,64,40,4,2004,45.71,45,40,56,50,412,165
927,B-105,61.33,42.22,4,2004,50,47.5,35,36,46,428,187
928,B-146,42.67,55.56,5,2004,55.71,52.5,50,52,46,464,195
929,B-137,38.67,40,5,2004,52.86,57.5,42.5,52,40,424,185
930,B-190,51.33,60,5,2004,65.71,50,55,56,58,561,250
931,B-039,32,48.89,5,2004,45.71,47.5,47.5,28,46,390,139
932,B-165,60.67,62.22,5,2004,65.71,60,67.5,60,58,612,273
933,B-189,85.33,71.11,5,2004,70,65,60,52,66,668,308
934,B-074,46.67,62.22,5,2004,62.86,50,50,48,50,482,192
935,B-088,45.33,55.56,5,2004,55.71,47.5,47.5,44,54,471,198
936,,36.67,44.44,5,2004,45.71,47.5,45,40,48,432,170
937,B-149,56.67,64.44,5,2004,70,67.5,67.5,64,68,619,264
938,B-114,54,60,5,2004,62.86,52.5,65,56,56,538,223
939,B-171,42.67,40,5,2004,35.71,45,30,44,46,403,184
940,B-135,47.33,55.56,5,2004,60,55,50,52,56,504,218
941,B-008,28,40,5,2004,38.57,37.5,32.5,56,40,376,149
942,B-067,30.67,44.44,5,2004,40,40,40,44,46,357,129
943,B-097,52.67,64.44,5,2004,55.71,60,55,52,60,562,247
944,B-107,17.33,51.11,5,2004,50,40,50,44,56,385,109
945,B-134,36.67,64.44,5,2004,62.86,62.5,67.5,44,60,513,185
946,B-098,38,55.56,5,2004,65.71,50,50,52,56,472,177
947,B-109,25.33,44.44,5,2004,40,25,45,44,40,320,95
948,B-029,35.33,44.44,5,2004,45.71,45,40,40,60,350,95
949,,32.67,55.56,5,2004,55.71,60,60,32,60,457,162
950,,,,1,2005,,,,,,,
951,,27.06,51.11,2,2005,52.86,45,60,48,55.56,415,129
952,B-136,44.12,53.33,2,2005,60,55,57.5,56,62.22,536,212
953,B-062,65.88,75.56,2,2005,65.71,70,65,64,80,660,284
954,,32.35,44.44,2,2005,55.71,50,45,44,55.56,394,133
955,,40,55.56,2,2005,50,45,45,52,44.44,424,157
956,,12.94,15.56,2,2005,20,10,15,20,24.44,144,48
957,B-140,59.41,64.44,3,2005,65.71,60,55,64,71.11,618,273
958,B-068,27.06,53.33,3,2005,52.86,47.5,55,36,53.33,402,124
959,,24.12,42.22,3,2005,38.57,40,42.5,44,40,328,118
960,,22.35,35.56,3,2005,40,32.5,52.5,40,22.22,327,117
961,B-099,62.94,75.56,3,2005,75.71,70,70,64,71.11,649,261
962,B-129,52.35,71.11,3,2005,72.86,65,77.5,60,73.33,636,257
963,,32.94,40,3,2005,40,42.5,55,44,48.89,386,140
964,,28.24,33.33,3,2005,62.86,32.5,47.5,40,51.11,392,137
965,,55.88,55.56,4,2005,65.71,57.5,55,56,60,549,230
966,,28.24,44.44,4,2005,45.71,40,40,24,40,326,109
967,,47.06,51.11,4,2005,40,50,35,32,40,368,158
968,B-124,38.82,35.56,4,2005,45.71,42.5,42.5,52,44.44,399,169
969,B-118,54.12,64.44,4,2005,72.86,70,62.5,64,68.89,575,209
970,B-082,36.47,55.56,4,2005,52.86,50,40,52,51.11,423,153
971,B-147,52.35,71.11,4,2005,70,60,60,48,75.56,572,227
972,B-150,31.18,42.22,4,2005,55.71,55,50,44,44.44,410,149
973,B-002,61.76,60,4,2005,60,60,65,60,57.78,574,251
974,,38.24,51.11,4,2005,35.71,25,40,24,44.44,348,136
975,B-126,45.88,44.44,4,2005,55.71,35,50,60,44.44,416,156
976,,41.76,35.56,4,2005,58.57,42.5,50,48,42.22,444,173
977,,54.12,44.44,4,2005,50,65,45,52,64.44,503,223
978,B-174,37.06,44.44,4,2005,45.71,35,30,40,60,353,135
979,,31.76,42.22,4,2005,25.71,25,32.5,40,51.11,272,99
980,,18.24,24.44,4,2005,25.71,25,30,24,20,184,37
981,B-165,55.88,55.56,5,2005,65.71,55,55,72,55.56,511,208
982,B-137,50,62.22,5,2005,62.86,67.5,62.5,60,68.89,591,243
983,B-037,67.06,71.11,5,2005,68.57,70,62.5,64,68.89,654,291
984,B-098,37.06,55.56,5,2005,65.71,60,60,60,60,517,180
985,B-190,56.47,68.89,5,2005,65.71,70,60,64,68.89,623,260
986,,38.82,24.44,5,2005,40,25,25,36,22.22,305,130
987,B-049,51.18,44.44,5,2005,42.86,55,40,40,51.11,483,217
988,B-133,32.35,31.11,5,2005,35.71,30,40,52,51.11,359,144
989,B-039,32.35,44.44,5,2005,42.86,47.5,50,40,53.33,392,137
990,B-164,30,24.44,5,2005,48.57,45,47.5,52,51.11,375,129
991,B-115,57.06,60,5,2005,60,70,60,56,60,621,273
992,,50,55.56,5,2005,60,60,57.5,64,62.22,563,234
993,B-058,50,37.78,5,2005,55.71,40,40,44,71.11,477,214
994,B-029,45.29,55.56,5,2005,50,40,50,56,71.11,413,134
995,,42.35,51.11,5,2005,58.57,47.5,42.5,52,71.11,460,182
996,B-146,39.41,71.11,5,2005,65.71,60,57.5,68,77.78,531,178
997,B-074,32.94,55.56,5,2005,45.71,55,55,60,57.78,436,141
998,B-079,42.94,35.56,5,2005,40,30,50,24,60,367,144
999,,62.94,62.22,5,2005,62.86,60,55,56,60,577,256
1000,,32.94,55.56,5,2005,55.71,45,40,52,51.11,410,140
1001,,29.41,40,5,2005,40,30,50,44,24.44,343,128
1002,B-154,25.88,42.22,5,2005,55.71,60,55,60,55.56,463,170
1003,B-100,42.35,51.11,5,2005,55.71,40,50,40,44.44,466,191
1004,B-171,40,53.33,5,2005,40,47.5,45,48,53.33,439,188
1005,B-008,34.71,44.44,5,2005,50,37.5,52.5,56,53.33,452,185
1006,B-088,37.65,44.44,5,2005,55.71,55,50,52,62.22,454,167
1007,B-135,53.53,62.22,5,2005,72.86,65,70,60,71.11,629,258
1008,B-096,31.76,62.22,5,2005,50,52.5,55,52,51.11,421,138
1009,B-067,42.35,64.44,5,2005,60,55,50,56,60,543,227
1010,B-097,45.29,60,5,2005,68.57,65,60,56,60,568,220
1011,B-116,40,55.56,5,2005,55.71,55,50,56,51.11,477,185
1012,B-107,42.94,64.44,5,2005,62.86,62.5,70,64,73.33,529,178
1013,,45.29,55.56,5,2005,55.71,40,50,60,51.11,530,232
1014,B-040,41.18,55.56,1,2006,60,70,47.5,48,55.56,509,203
1015,B-104,38.24,51.11,1,2006,45.71,55,50,56,55.56,471,185
1016,,25.88,44.44,1,2006,55.71,50,40,52,55.56,432,157
1017,,31.18,60,2,2006,55.71,65,55,56,51.11,455,153
1018,,40,51.11,2,2006,60,55,50,40,51.11,445,166
1019,B-136,59.41,77.78,2,2006,75.71,62.5,60,72,73.33,659,266
1020,,50,57.78,2,2006,62.86,62.5,65,48,55.56,516,219
1021,B-140,49.41,44.44,3,2006,65.71,60,60,64,64.44,542,225
1022,,22.35,42.22,3,2006,38.57,42.5,47.5,40,37.78,335,103
1023,B-099,53.53,60,3,2006,62.86,57.5,57.5,60,68.89,566,246
1024,B-087,44.12,64.44,3,2006,75.71,65,65,56,64.44,612,247
1025,B-068,22.35,40,3,2006,40,35,40,44,51.11,292,82
1026,,32.35,40,3,2006,40,42.5,42.5,40,37.78,353,138
1027,B-059,32.35,53.33,3,2006,50,55,57.5,52,64.44,437,144
1028,,20,33.33,3,2006,35.71,37.5,45,32,42.22,294,87
1029,,22.94,48.89,4,2006,50,50,47.5,52,51.11,370,108
1030,,60,62.22,4,2006,65.71,57.5,60,52,62.22,585,260
1031,,64.12,68.89,4,2006,58.57,67.5,60,60,80,588,240
1032,,41.18,37.78,4,2006,48.57,42.5,50,56,53.33,462,191
1033,B-118,45.88,75.56,4,2006,70,70,70,60,60,566,209
1034,B-150,45.29,55.56,4,2006,55.71,60,55,44,55.56,462,180
1035,B-126,51.76,40,4,2006,60,40,50,40,51.11,444,173
1036,,37.65,51.11,4,2006,60,50,60,44,60,436,145
1037,,55.29,55.56,4,2006,65.71,67.5,57.5,60,62.22,575,240
1038,,42.94,57.78,4,2006,50,50,57.5,60,57.78,498,192
1039,B-197,48.24,55.56,4,2006,50,55,55,52,51.11,470,185
1040,,60,48.89,4,2006,45.71,52.5,47.5,44,55.56,516,252
1041,,38.82,55.56,4,2006,55.71,50,50,44,71.11,398,126
1042,B-105,62.94,51.11,4,2006,65.71,70,65,56,64.44,572,248
1043,,15.29,20,4,2006,35.71,25,20,20,15.56,185,48
1044,,41.76,51.11,4,2006,60,60,55,56,51.11,430,146
1045,,37.06,31.11,5,2006,28.57,27.5,32.5,32,31.11,323,143
1046,,57.06,60,5,2006,70,65,55,64,60,610,276
1047,B-079,41.18,44.44,5,2006,55.71,50,55,52,60,493,204
1048,B-137,52.35,60,5,2006,60,60,70,60,60,560,230
1049,,32.94,55.56,5,2006,50,55,45,40,55.56,414,139
1050,,47.06,60,5,2006,60,60,55,60,64.44,545,218
1051,,44.12,60,5,2006,58.57,60,47.5,52,53.33,498,196
1052,B-115,64.71,62.22,5,2006,70,57.5,60,56,62.22,604,264
1053,,54.12,62.22,5,2006,55.71,62.5,70,60,64.44,576,243
1054,B-165,57.06,55.56,5,2006,60,60,60,64,55.56,571,252
1055,B-135,70,62.22,5,2006,70,67.5,67.5,68,73.33,694,308
1056,,62.94,55.56,5,2006,60,55,55,60,60,578,270
1057,B-049,62.94,60,5,2006,60,60,55,52,62.22,554,245
1058,B-058,42.94,44.44,5,2006,52.86,52.5,35,44,53.33,458,200
1059,,18.24,40,5,2006,45.71,35,45,56,44.44,369,135
1060,B-088,49.41,55.56,5,2006,60,62.5,47.5,52,68.89,535,221
1061,B-096,34.12,55.56,5,2006,50,40,55,56,51.11,445,164
1062,,42.35,62.22,5,2006,52.86,47.5,47.5,44,53.33,476,196
1063,B-190,52.94,64.44,5,2006,60,60,60,52,60,575,252
1064,,47.06,44.44,5,2006,50,40,45,56,60,472,189
1065,B-074,28.24,44.44,5,2006,45.71,55,45,64,51.11,409,146
1066,,44.12,51.11,5,2006,50,55,40,52,44.44,460,188
1067,,25.29,40,5,2006,30,25,35,36,35.56,278,96
1068,,65.88,71.11,5,2006,65.71,60,65,64,64.44,628,277
1069,,37.06,44.44,5,2006,35.71,32.5,37.5,36,53.33,380,159
1070,B-133,35.29,31.11,5,2006,40,40,40,56,40,388,149
1071,,32.94,44.44,5,2006,55.71,40,35,52,44.44,391,152
1072,,25.29,51.11,5,2006,45.71,55,40,52,51.11,396,136
1073,B-146,21.18,44.44,5,2006,50,45,57.5,48,31.11,368,108
1074,,45.29,60,5,2006,55.71,55,55,60,55.56,517,208
1075,B-116,38.24,64.44,5,2006,65.71,52.5,67.5,56,53.33,500,179
1076,,38.24,44.44,5,2006,55.71,50,45,52,55.56,447,170
1077,B-097,58.24,75.56,5,2006,70,65,70,60,64.44,652,278
1078,B-164,51.18,60,5,2006,70,60,70,72,60,600,249
1079,B-154,24.12,55.56,5,2006,50,50,50,40,40,390,133
1080,,34.12,40,5,2006,50,40,40,40,40,370,139
1081,B-008,41.18,62.22,5,2006,60,65,65,64,57.78,516,183
1082,,38.24,51.11,5,2006,50,50,55,56,55.56,485,189
1083,B-100,41.18,44.44,5,2006,45.71,40,35,36,35.56,406,180
1084,B-107,30,55.56,5,2006,58.57,62.5,55,44,57.78,451,147
1085,,58.82,57.78,5,2006,55.71,57.5,57.5,52,55.56,549,237
1086,,34.12,62.22,5,2006,58.57,60,47.5,60,57.78,470,159
1087,,28.24,55.56,5,2006,60,55,55,44,51.11,426,140
1088,,41.76,53.33,5,2006,52.86,55,55,44,55.56,441,160
1089,,37.06,44.44,5,2006,55.71,50,50,52,60,441,159
1090,,58.24,51.11,6,2006,55.71,65,50,52,71.11,533,223
1091,,60,55.56,6,2006,50,50,55,44,60,546,250
1092,,35.88,51.11,6,2006,60,65,45,44,44.44,428,150
1093,,42.35,60,6,2006,65.71,55,50,72,44.44,475,171
1094,,27.06,51.11,6,2006,50,50,50,44,55.56,365,85
1095,,72.94,80,6,2006,65.71,70,75,76,80,706,304
1096,,42.35,51.11,6,2006,55.71,50,40,52,40,449,182
1097,,35.88,60,6,2006,45.71,45,40,44,60,388,135
1098,,22.35,44.44,6,2006,45.71,40,25,40,40,337,116
1099,,18.24,44.44,6,2006,40,50,30,40,55.56,316,85
